{"cameraMode":{"drawMode":0,"name":"Shaded","section":"Shading Mode"},"sceneLighting":true,"audioPlay":false,"sceneViewState":{"m_AlwaysRefresh":false,"showFog":true,"showSkybox":true,"showFlares":true,"showImageEffects":true,"showParticleSystems":true,"showVisualEffectGraphs":true,"m_FxEnabled":true},"in2DMode":false,"pivot":{"x":1.7456631660461426,"y":11.72679328918457,"z":-10.542612075805664},"rotation":{"x":-0.3169260323047638,"y":0.10129822790622711,"z":-0.03439319506287575,"w":-0.9428458213806152},"size":2.0142135620117189,"orthographic":false}