{"cameraMode":{"drawMode":0,"name":"Shaded","section":"Shading Mode"},"sceneLighting":true,"audioPlay":false,"sceneViewState":{"m_AlwaysRefresh":false,"showFog":true,"showSkybox":true,"showFlares":true,"showImageEffects":true,"showParticleSystems":true,"showVisualEffectGraphs":true,"m_FxEnabled":true},"in2DMode":false,"pivot":{"x":9.153785705566407,"y":7.877398490905762,"z":-3.745851516723633},"rotation":{"x":0.050696175545454028,"y":0.49021774530410769,"z":0.02850179374217987,"w":-0.869672954082489},"size":10.355302810668946,"orthographic":false}