{"cameraMode":{"drawMode":0,"name":"Shaded","section":"Shading Mode"},"sceneLighting":true,"audioPlay":false,"sceneViewState":{"m_AlwaysRefresh":false,"showFog":true,"showSkybox":true,"showFlares":true,"showImageEffects":true,"showParticleSystems":true,"showVisualEffectGraphs":true,"m_FxEnabled":true},"in2DMode":false,"pivot":{"x":0.08786898851394654,"y":7.6913933753967289,"z":-0.29239025712013247},"rotation":{"x":0.3423885107040405,"y":-0.04650707542896271,"z":0.016195742413401605,"w":0.9384362697601318},"size":1.7320507764816285,"orthographic":false}