{"cameraMode":{"drawMode":0,"name":"Shaded","section":"Shading Mode"},"sceneLighting":true,"audioPlay":false,"sceneViewState":{"m_AlwaysRefresh":false,"showFog":true,"showSkybox":true,"showFlares":true,"showImageEffects":true,"showParticleSystems":true,"showVisualEffectGraphs":true,"m_FxEnabled":true},"in2DMode":false,"pivot":{"x":11.214092254638672,"y":5.7089972496032719,"z":12.932940483093262},"rotation":{"x":-0.2932451069355011,"y":-0.3141704201698303,"z":0.10254877805709839,"w":-0.8972519636154175},"size":0.7180703282356262,"orthographic":false}